{
  "model": "log(1 - coverage(K)) = -alpha * K + intercept",
  "interpretation": "larger alpha means faster approach to ceiling",
  "K_grid": [
    4,
    6,
    8,
    10,
    12,
    16
  ],
  "fits": [
    {
      "agent": "A",
      "alpha": 0.026015683242592836,
      "intercept": 0.025950228441132216,
      "r_squared": 0.9972221376199895,
      "rss": 0.00017596490694591816
    },
    {
      "agent": "B",
      "alpha": 0.05085910565809114,
      "intercept": -0.079241949420198,
      "r_squared": 0.9988183148160154,
      "rss": 0.0002856205872427401
    },
    {
      "agent": "C",
      "alpha": 0.10117690814135531,
      "intercept": -1.207621677507413,
      "r_squared": 0.9686359141432968,
      "rss": 0.030936533654007593
    },
    {
      "agent": "D",
      "alpha": 0.06143752642805316,
      "intercept": -0.09071048795148656,
      "r_squared": 0.9982814681241179,
      "rss": 0.0006064692750758237
    }
  ],
  "observed_gap_C_minus_A": [
    0.7023124999999999,
    0.7133333333333333,
    0.710140625,
    0.6927375000000001,
    0.6732343749999999,
    0.60647265625
  ]
}